ID публикации,Заголовок материала,URL
5bf52faf9a79477da426e81b,Как обанкротиться подешевле: прагматичные наставления юриста,https://pro.rbc.ru/news/5bf52faf9a79477da426e81b
5c04ee439a7947b3fe48fe55,Имитация тунца: как искусственная рыба вытесняет натуральную,https://pro.rbc.ru/news/5c04ee439a7947b3fe48fe55
5c04f06c9a7947b48d48fe60,Сколько россияне тратят на путешествия,https://pro.rbc.ru/news/5c04f06c9a7947b48d48fe60
5c0695d69a79472e0096479e,Самые ходовые: какие специалисты в строительстве стали востребованнее,https://pro.rbc.ru/news/5c0695d69a79472e0096479e
5c07891f9a794775e61affd1,Как запустить новый продукт: четыре обязательных шага,https://pro.rbc.ru/news/5c07891f9a794775e61affd1
5c07cc619a79470aafcb889b,Что закладывает работодатель на 2019 год: первая порция HR-прогнозов,https://pro.rbc.ru/news/5c07cc619a79470aafcb889b
5c07e5c99a7947149e1a2b9b,Рост зарплат и сокращение штатов: вторая порция прогнозов от HR на 2019-й,https://pro.rbc.ru/news/5c07e5c99a7947149e1a2b9b
5c07ef8c9a7947175a925dfb,Полба — новый суперфуд: как менялась мода на продукты в России,https://pro.rbc.ru/news/5c07ef8c9a7947175a925dfb
5c08e2c39a794752fe150aa0,Просто праздник какой-то: как выжимать из покупателей максимум денег,https://pro.rbc.ru/news/5c08e2c39a794752fe150aa0
5c09272f9a79476ef22fa832,Насколько успешно британские ретейлеры давят на чувства покупателей,https://pro.rbc.ru/news/5c09272f9a79476ef22fa832
5c0a74d99a7947ceb8cceb00,Сколько стоит открыть магазин без касс,https://pro.rbc.ru/news/5c0a74d99a7947ceb8cceb00
5c0a85f59a7947d487689163,Путешествие потребителя: как выстроить карту взаимодействия с клиентом,https://pro.rbc.ru/news/5c0a85f59a7947d487689163
5c0a8af99a7947d6c39db524,Здравые идеи: как предприниматели подстраиваются под ЗОЖ,https://pro.rbc.ru/news/5c0a8af99a7947d6c39db524
5c0e1e999a794713f59ea473,Почему 2019-й для ретейлеров будет похож на 1993-й,https://pro.rbc.ru/news/5c0e1e999a794713f59ea473
5c0e248d9a7947169037d781,С этим придется считаться: 3 тренда в пищевой промышленности на 2019 год,https://pro.rbc.ru/news/5c0e248d9a7947169037d781
5c0e42929a7947234328b51c,Полевые инвестиции: какие технологии нужны аграриям,https://pro.rbc.ru/news/5c0e42929a7947234328b51c
5c0e5d1c9a79472d9939aac6,Виртуальная среда реальной недвижимости: как застройщикам использовать VR,https://pro.rbc.ru/news/5c0e5d1c9a79472d9939aac6
5c0e74a29a7947377dcac663,Как пользователи выбирают упаковку (спойлер!): за семь секунд,https://pro.rbc.ru/news/5c0e74a29a7947377dcac663
5c0e78029a79473a0a20d7f8,Покупатели на крючке. Зачем блогеры шуршат и шепчут в видеорекламе,https://pro.rbc.ru/news/5c0e78029a79473a0a20d7f8
5c0f71b29a794781c2bb985d,Риэлторы ожидают падение спроса на подмосковную недвижимость в праздники,https://pro.rbc.ru/news/5c0f71b29a794781c2bb985d
5c0f779d9a794784da9ed666,Выдача кредитных карт россиянам выросла на 69%,https://pro.rbc.ru/news/5c0f779d9a794784da9ed666
5c0f84539a794788e1221e79,"Сети здоровых продуктов за три года разрослись в Москве в 3,5 раза",https://pro.rbc.ru/news/5c0f84539a794788e1221e79
5c0f85ba9a79478a2cdc7130,"Дорогое регулирование: 8 абсурдных норм, которые мешают строить хорошо",https://pro.rbc.ru/news/5c0f85ba9a79478a2cdc7130
5c0f91519a79479015cb5e62,Knight Frank: за три года рынок Москвы покинули 12 продуктовых сетей,https://pro.rbc.ru/news/5c0f91519a79479015cb5e62
5c0fe1db9a7947b046b7bbbe,Lamoda откроет первый офлайн-магазин в «Атриуме»,https://pro.rbc.ru/news/5c0fe1db9a7947b046b7bbbe
5c0fe7089a7947b1bc326f8c,Главгосстройнадзор проверяет готовность пяти домов Urban Group,https://pro.rbc.ru/news/5c0fe7089a7947b1bc326f8c
5c1006c49a7947bc50593b5c,Как зарегистрировать товарный знак и не попасть в судебный процесс,https://pro.rbc.ru/news/5c1006c49a7947bc50593b5c
5c10b42d9a7947e6bd00a203,Рынок онлайн-торговли в России вырос на треть,https://pro.rbc.ru/news/5c10b42d9a7947e6bd00a203
5c10c8a79a7947ecd6a83e3f,Коворкинг WeWork откроется в «Белой площади»,https://pro.rbc.ru/news/5c10c8a79a7947ecd6a83e3f
5c10c97a9a7947edaccb9b9f,Корпоративное управление в России: кризис жанра и надежды на будущее,https://pro.rbc.ru/news/5c10c97a9a7947edaccb9b9f
5c10cfe79a7947eeb32b16c4,Как улучшить службу поддержки: рекомендации от «Додо пицца»,https://pro.rbc.ru/news/5c10cfe79a7947eeb32b16c4
5c10d95e9a7947f500a95bc5,Продажа «О'Кей» супермаркетов в начале года не оправдала ожиданий Fitch,https://pro.rbc.ru/news/5c10d95e9a7947f500a95bc5
5c10e7629a7947fb78b41fec,СРО предлагают ужесточить требования к компаниям-исполнителям госзаказов,https://pro.rbc.ru/news/5c10e7629a7947fb78b41fec
5c10f1bd9a7947ffd70f1f72,Эксперты рассказали о тратах россиян на новогодние подарки,https://pro.rbc.ru/news/5c10f1bd9a7947ffd70f1f72
5c1104ba9a7947080ff190ce,ЦБ назвал невозможным поэтапное раскрытие эскроу-счетов,https://pro.rbc.ru/news/5c1104ba9a7947080ff190ce
5c1110ed9a79470d3626b6a4,Исследование GfK: новые нюансы в мире шоппинга,https://pro.rbc.ru/news/5c1110ed9a79470d3626b6a4
5c12096a9a794750553674eb,"Средний чек российского покупателя в ноябре вырос на 4,6% – до 528 руб.",https://pro.rbc.ru/news/5c12096a9a794750553674eb
5c120e809a794751df877353,"Столичные новостройки за месяц подорожали на 1,4%",https://pro.rbc.ru/news/5c120e809a794751df877353
5c12169e9a794755992abbf1,Рынок игровых консолей в России вырос на треть,https://pro.rbc.ru/news/5c12169e9a794755992abbf1
5c121cf59a794758d9f65d79,Cushman & Wakefield: общепит занял почти 40% главных торговых улиц Москвы,https://pro.rbc.ru/news/5c121cf59a794758d9f65d79
5c1225ff9a79475c8f5a44a2,Как оптимизировать логистику,https://pro.rbc.ru/news/5c1225ff9a79475c8f5a44a2
5c12275a9a79475cbdbbd136,Как компании обезопасить себя на случай мести обиженного экс-сотрудника,https://pro.rbc.ru/news/5c12275a9a79475cbdbbd136
5c1235ee9a794763a8c2b036,Deloitte: как россияне будут тратить деньги на Новый год и Рождество,https://pro.rbc.ru/news/5c1235ee9a794763a8c2b036
5c1241929a7947683d913eb2,РАНХиГС: санкции сильнее всего ударили по беднейшим слоям населения,https://pro.rbc.ru/news/5c1241929a7947683d913eb2
5c1247599a7947696ffac6c6,Как «умные» прогнозы меняют бизнес,https://pro.rbc.ru/news/5c1247599a7947696ffac6c6
5c124cc69a79476dfe57273d,Швеллер в один клик: как компании осваивают b2b-продажи в интернете,https://pro.rbc.ru/news/5c124cc69a79476dfe57273d
5c124f049a79476ec4ae8baa,Будущее здравоохранения: что мешает внедрению искусственного интеллекта,https://pro.rbc.ru/news/5c124f049a79476ec4ae8baa
5c1251bc9a79476fb2a8a110,Меню на холодильнике: как развивается рынок e-grocery в регионах,https://pro.rbc.ru/news/5c1251bc9a79476fb2a8a110
5c125b1a9a794773c945fd60,Бананы и киндер-сюрпризы: что москвичи заказывают в офис,https://pro.rbc.ru/news/5c125b1a9a794773c945fd60
5c1269eb9a79477a09bff29e,Что ждут от 2019 года ретейлеры бытовой техники и электроники,https://pro.rbc.ru/news/5c1269eb9a79477a09bff29e
5c126b5d9a79477a7c4b4974,Почему страховые компании не выплачивают компенсации обманутым дольщикам,https://pro.rbc.ru/news/5c126b5d9a79477a7c4b4974
5c126c299a79477b3368cdd1,Итоги года от Hays: какие качества кандидатов стали ценить работодатели,https://pro.rbc.ru/news/5c126c299a79477b3368cdd1
5c1271219a79477d03d76f23,В России стали меньше строить и больше продавать,https://pro.rbc.ru/news/5c1271219a79477d03d76f23
5c1275609a79477e8fee4589,Джон Бальдони — РБК: «В компаниях комфортно далеко не лучшим работникам»,https://pro.rbc.ru/news/5c1275609a79477e8fee4589
5c13580d9a794734aa6845e8,В развитие новых территорий Москвы в ближайшие полгода вложат 1 трлн руб.,https://pro.rbc.ru/news/5c13580d9a794734aa6845e8
5c1369af9a79473ae4475e6d,PwC: что мешает прорывному развитию «Интернета вещей» в России,https://pro.rbc.ru/news/5c1369af9a79473ae4475e6d
5c139dc39a794754b513faae,Россияне готовы к инновационным автомобилям,https://pro.rbc.ru/news/5c139dc39a794754b513faae
5c13b3339a79475f0cec3328,Сколько регионы России заработали на внутреннем туризме в 2018 году,https://pro.rbc.ru/news/5c13b3339a79475f0cec3328
5c1761969a79472d483dfbec,Как за год изменились цены на вторичное жилье в Москве и  55 городах РФ,https://pro.rbc.ru/news/5c1761969a79472d483dfbec
5c17686f9a79472ee5c5830e,«Магнит» открыл индустриальный парк площадью 230 га,https://pro.rbc.ru/news/5c17686f9a79472ee5c5830e
5c176b449a79472ff5851724,Стройматериалы стали самыми популярными товарами уходящего года,https://pro.rbc.ru/news/5c176b449a79472ff5851724
5c1770f49a7947339642e6cc,Kelly Services: как теперь надо искать персонал,https://pro.rbc.ru/news/5c1770f49a7947339642e6cc
5c1776d29a79473656af1278,Санкции и американо-китайская торговая война ударили по грузоперевозкам,https://pro.rbc.ru/news/5c1776d29a79473656af1278
5c177f399a79473979496c8f,C какими трудностями сталкиваются ретейлеры при внедрении Click & collect,https://pro.rbc.ru/news/5c177f399a79473979496c8f
5c17a9229a79474a07ceff43,Составлен топ-10 московских девелоперов по размеру выручки в 2018 году,https://pro.rbc.ru/news/5c17a9229a79474a07ceff43
5c17c0dc9a7947545fba2b76,Чего застройщики ждут в следующем году: прогнозы крупных компаний,https://pro.rbc.ru/news/5c17c0dc9a7947545fba2b76
5c17c2849a79475435100fe2,Полные полки — пустые подсобки: как поднять продажи точным прогнозом,https://pro.rbc.ru/news/5c17c2849a79475435100fe2
5c17c3189a7947542f245ac6,Savills: спрос на аренду элитной недвижимости в Москве вырос на треть,https://pro.rbc.ru/news/5c17c3189a7947542f245ac6
5c17c64f9a794755fb43fa18,Кушать подано: новые тренды отечественного рынка e-grocery,https://pro.rbc.ru/news/5c17c64f9a794755fb43fa18
5c17e2479a79475e050a1e0c,Кто больше всех зарабатывает на закупках Фонда реновации: топ-10,https://pro.rbc.ru/news/5c17e2479a79475e050a1e0c
5c18b4bb9a79470c0902ed9c,Москва вошла в европейский топ-3 по стоимости аренды премиальных офисов,https://pro.rbc.ru/news/5c18b4bb9a79470c0902ed9c
5c18c0309a794710f06fb330,PwC: механизм эскроу-счетов повысит себестоимость проектов застройки,https://pro.rbc.ru/news/5c18c0309a794710f06fb330
5c18e9459a7947245f9dd180,Очевидное — невероятное: 12 стратегий поиска идеи для онлайн-бизнеса,https://pro.rbc.ru/news/5c18e9459a7947245f9dd180
5c18f3fb9a794728b2813d03,Черрипикеры идут: с какими вызовами ретейл столкнется в 2019 году,https://pro.rbc.ru/news/5c18f3fb9a794728b2813d03
5c18f7889a79472a9751ab8c,Предел терпения. Стрессовое интервью при приеме на работу выходит из моды,https://pro.rbc.ru/news/5c18f7889a79472a9751ab8c
5c18fc559a79472ccbf79a7a,«Нестле» расширит фабрику кормов для домашних животных под Калугой,https://pro.rbc.ru/news/5c18fc559a79472ccbf79a7a
5c1902509a79472f2392683f,Раздробить и оспорить: как снизить нагрузку по налогу на имущество,https://pro.rbc.ru/news/5c1902509a79472f2392683f
5c19196b9a7947388944d414,Чанпэн Чжао — РБК: «Цена любого актива не может расти постоянно»,https://pro.rbc.ru/news/5c19196b9a7947388944d414
5c19ee039a79476dc58cff81,Аналитики ожидают роста цен на элитную недвижимость в Москве на 7%,https://pro.rbc.ru/news/5c19ee039a79476dc58cff81
5c19f15f9a79476edf2e42b5,Рейтинг зарплат директоров: сколько платят в магазинах «у дома»,https://pro.rbc.ru/news/5c19f15f9a79476edf2e42b5
5c1a025d9a794775bbcd14cd,Проросшее зерно: что происходит с профессией бариста в России,https://pro.rbc.ru/news/5c1a025d9a794775bbcd14cd
5c1a0a929a79477a99584c32,Kelly Services: кандидаты диктуют условия рынку Digital & E-commerce,https://pro.rbc.ru/news/5c1a0a929a79477a99584c32
5c1a12399a79477e5ce47ee5,Собянинский эффект: как благоустройство Москвы выходит ретейлерам боком,https://pro.rbc.ru/news/5c1a12399a79477e5ce47ee5
5c1a13b19a79477ec7cff4bb,Kelly Services: сколько россияне зарабатывали в 2018 году,https://pro.rbc.ru/news/5c1a13b19a79477ec7cff4bb
5c1a20479a7947855cb6a981,Гиперконкуренция на рынке e-commerce: к чему готовиться бизнесу,https://pro.rbc.ru/news/5c1a20479a7947855cb6a981
5c1a35599a79478efdb0ee98,JLL: гостиницы Москвы установят 5-летний рекорд по загрузке из-за ЧМ,https://pro.rbc.ru/news/5c1a35599a79478efdb0ee98
5c1a41439a79479346ad4e23,Data Insight: 89 подробных слайдов о тратах россиян в интернете,https://pro.rbc.ru/news/5c1a41439a79479346ad4e23
5c1a41989a79479322ad05c9,Пианино до востребования: как запустить сервис хранения вещей,https://pro.rbc.ru/news/5c1a41989a79479322ad05c9
5c1a525f9a79479aba288749,Почему падает производство российского вина,https://pro.rbc.ru/news/5c1a525f9a79479aba288749
5c1a55dc9a79479ca22d73af,Все хуже и лучше: как колеблются настроения предпринимателей,https://pro.rbc.ru/news/5c1a55dc9a79479ca22d73af
5c1a66899a7947a2b00cad26,Искусственный интеллект совершает революцию в интернет-торговле,https://pro.rbc.ru/news/5c1a66899a7947a2b00cad26
5c1a73f69a7947a7e0c59cb6,"Ввод жилья в России за 11 месяцев снизился на 3,7%",https://pro.rbc.ru/news/5c1a73f69a7947a7e0c59cb6
5c1b77b59a7947f4477ceab4,BrandMonitor: как продавцы подделок обманывают покупателей в интернете,https://pro.rbc.ru/news/5c1b77b59a7947f4477ceab4
5c1b86539a7947fa6ce10bf7,Без хлеба сыт не будешь: тенденции и перспективы рынка,https://pro.rbc.ru/news/5c1b86539a7947fa6ce10bf7
5c1b91819a7947ff7cb7e37f,Смыслы и промыслы: как гуманитарию построить бизнес по специальности,https://pro.rbc.ru/news/5c1b91819a7947ff7cb7e37f
5c1b9b159a794703de9795ed,Центробанк: что и как подорожает в 2019 году,https://pro.rbc.ru/news/5c1b9b159a794703de9795ed
5c1bc4069a7947144512c1bd,Новогодний маркетинг: успешные кейсы и рекомендации от Think with Google,https://pro.rbc.ru/news/5c1bc4069a7947144512c1bd
5c1ca25f9a79474d99f53a04,Почему отношения между банками и заемщиками становятся все токсичнее,https://pro.rbc.ru/news/5c1ca25f9a79474d99f53a04
5c1caddc9a7947535ba1e499,Как ретейлерам сделать покупателей счастливыми на основе данных,https://pro.rbc.ru/news/5c1caddc9a7947535ba1e499
5c1cc1a59a79475be0b8fc43,Эксперты: из-за поправок к 214-ФЗ крупные застройщики поглотят небольших,https://pro.rbc.ru/news/5c1cc1a59a79475be0b8fc43
5c1cc9359a79475eb3fac71e,S.A. Ricci: склады пользовались рекордным спросом в 2018 году,https://pro.rbc.ru/news/5c1cc9359a79475eb3fac71e
5c1cda299a794765de308481,120 млн преград: какие нужны условия для выполнения майского указа,https://pro.rbc.ru/news/5c1cda299a794765de308481
5c1cdb269a79476688720b71,Как догнать и обогнать конкурентов с помощью системы контроля качества,https://pro.rbc.ru/news/5c1cdb269a79476688720b71
5c1cf9eb9a794773436ba592,Доставка останется основным драйвером ресторанного рынка России,https://pro.rbc.ru/news/5c1cf9eb9a794773436ba592
5c1cffa79a7947750a4e0e16,Госконтракты от 100 млн руб. смогут получить только опытные строители,https://pro.rbc.ru/news/5c1cffa79a7947750a4e0e16
5c1d04969a79477683c57b32,В свете НДС и маркировки: прогнозы ретейлеров одежды и обуви на 2019 год,https://pro.rbc.ru/news/5c1d04969a79477683c57b32
5c2085ae9a7947ac22e19796,FCG: четыре радикальных тренда на рынке одежды в 2019 году,https://pro.rbc.ru/news/5c2085ae9a7947ac22e19796
5c2091919a7947b070868ae4,Разочарование продавцов рекордно сократило рынок вторичной недвижимости,https://pro.rbc.ru/news/5c2091919a7947b070868ae4
5c20a63a9a7947b84693d306,Как будут выглядеть пять новых набережных Москвы-реки,https://pro.rbc.ru/news/5c20a63a9a7947b84693d306
5c20a9cd9a7947b9b6e40051,OZON полностью перевел штаб-квартиру в «Москва-Сити»,https://pro.rbc.ru/news/5c20a9cd9a7947b9b6e40051
5c20b2c19a7947bd26b090ff,Денежный остров. Как подорожала недвижимость на Кипре в 2018 году,https://pro.rbc.ru/news/5c20b2c19a7947bd26b090ff
5c20bdb89a7947c18dc063a4,Прибыльные селфи: зачем Christian Dior запускает магазины в новом формате,https://pro.rbc.ru/news/5c20bdb89a7947c18dc063a4
5c20d9fb9a7947cca4d7debb,Когда включать Jingle Bells,https://pro.rbc.ru/news/5c20d9fb9a7947cca4d7debb
5c21e5a49a7947148c93660f,Чемпионат мира-2018 подстегнул развитие предпринимательства в России,https://pro.rbc.ru/news/5c21e5a49a7947148c93660f
5c21ee4a9a7947189ef380cb,Как изменится рынок апартаментов в 2019 году,https://pro.rbc.ru/news/5c21ee4a9a7947189ef380cb
5c22187d9a79472a3235cc6b,Сеть «Верный» продала склад в Подмосковье площадью 43 тыс. кв. м,https://pro.rbc.ru/news/5c22187d9a79472a3235cc6b
5c2220fc9a79472dbf6aed2d,"Свободное время россиян: рэп, балет, торговый центр или парк?",https://pro.rbc.ru/news/5c2220fc9a79472dbf6aed2d
5c2223829a79472f24bbc983,"«ЭлитГрупп Инвест» построит в Москве мясной завод за 1,2 млрд руб.",https://pro.rbc.ru/news/5c2223829a79472f24bbc983
5c2232129a794731c9ae59f8,Почему маркетплейсу «Беру» не стать российским «Амазоном»,https://pro.rbc.ru/news/5c2232129a794731c9ae59f8
5c2234f49a794734ad9e9273,HeadHunter: трети компаний стало сложнее закрывать вакансии в 2018 году,https://pro.rbc.ru/news/5c2234f49a794734ad9e9273
5c2244979a79473a4e6ccb15,Кто покупает квартиры бизнес-класса в Новой Москве,https://pro.rbc.ru/news/5c2244979a79473a4e6ccb15
5c2254499a7947405ac86f1d,"Лайк, репост, оплата: как россияне тратят полтриллиона рублей в соцсетях",https://pro.rbc.ru/news/5c2254499a7947405ac86f1d
5c234fee9a79478370aa2e1b,Зачем ретейлеры тайком приводят на переговоры психолога,https://pro.rbc.ru/news/5c234fee9a79478370aa2e1b
5c23531f9a794784c982308f,Как бизнесу использовать неочевидные возможности Росреестра: 8 подсказок,https://pro.rbc.ru/news/5c23531f9a794784c982308f
5c235cd49a79470229e8d2a6,Более 60% предложения в элитных московских ЖК приходится на апартаменты,https://pro.rbc.ru/news/5c235cd49a79470229e8d2a6
5c2376189a79470de57b2150,7 главных изменений на рынке проектирования и строительства в 2018 году,https://pro.rbc.ru/news/5c2376189a79470de57b2150
5c23958f9a79471adf737ad6,«Черкизово» заплатит долги «Самсона» на полмиллиарда рублей,https://pro.rbc.ru/news/5c23958f9a79471adf737ad6
5c2395c49a79471aa6fec8f8,«У 18- и 35-летних женщин нет практически ничего общего»,https://pro.rbc.ru/news/5c2395c49a79471aa6fec8f8
5c239b709a79471ce17e6cae,Финансовый университет: где россияне покупают недвижимость за рубежом,https://pro.rbc.ru/news/5c239b709a79471ce17e6cae
5c2481fe9a794771863ac7ce,Think with Google: феминизм меняет рекламу мужских брендов,https://pro.rbc.ru/news/5c2481fe9a794771863ac7ce
5c249ff09a79477fe96235f9,"ТЦ «Новоарбатский» в центре Москвы выставлен на торги за 2,3 млрд руб.",https://pro.rbc.ru/news/5c249ff09a79477fe96235f9
5c0fcd779a7947a6b2f354f7,Ставка на zero: как девелоперы расплачиваются за подрядчиков-банкротов,https://pro.rbc.ru/news/5c0fcd779a7947a6b2f354f7
5c122ef79a79476092ea0cf0,Как создать успешный жилой комплекс с нуля: 5 советов девелоперу,https://pro.rbc.ru/news/5c122ef79a79476092ea0cf0
5c1cb6a89a7947573801cf53,Взлет или падение. Что принесет строителям 2019 год,https://pro.rbc.ru/news/5c1cb6a89a7947573801cf53
5c1cb9819a794758993058c0,"Сделай сам: почему своя курьерская служба лучше, чем аутсорсинг",https://pro.rbc.ru/news/5c1cb9819a794758993058c0
5c1ce55b9a79476ac0539ad6,На заре FMCG-менеджмента: почему уходит профессия маркетолога,https://pro.rbc.ru/news/5c1ce55b9a79476ac0539ad6
5c1cef799a79476f7847e5dc,Кредиты против облигаций: почему застройщикам не нужны кредитные рейтинги,https://pro.rbc.ru/news/5c1cef799a79476f7847e5dc
5c2096469a7947b14f8bcb85,Как защитить бизнес от налоговых проверок,https://pro.rbc.ru/news/5c2096469a7947b14f8bcb85
5c20a8ab9a7947b91abea8b2,Как застройщику запустить центр обучения персонала без расширения штата,https://pro.rbc.ru/news/5c20a8ab9a7947b91abea8b2
5c20c9e69a7947c57fcd1604,Почему предпринимателям стало сложнее избегать ответственности по долгам,https://pro.rbc.ru/news/5c20c9e69a7947c57fcd1604
5c21df9a9a7947121af12f1a,Беда онлайн-ретейла: как не оказаться под грудой брошенных корзин,https://pro.rbc.ru/news/5c21df9a9a7947121af12f1a
5c22125c9a794727f76d71a1,Digital в ТРЦ: как работать с данными и управлять клиентским опытом,https://pro.rbc.ru/news/5c22125c9a794727f76d71a1
5c2240989a7947388f85842a,Кто такие «цифровые мамы» и как на них заработать,https://pro.rbc.ru/news/5c2240989a7947388f85842a
5c2247249a79473ac71e85a5,Как продавать игрушки в кризис,https://pro.rbc.ru/news/5c2247249a79473ac71e85a5
5c224bb49a79473cce9fc14d,Отзывы — главный инструмент продвижения товара в 2019 году,https://pro.rbc.ru/news/5c224bb49a79473cce9fc14d
5c2331129a794776f068f8ec,Сборник советов по решению корпоративных конфликтов. Пилотная серия,https://pro.rbc.ru/news/5c2331129a794776f068f8ec
5c2343dd9a79477e70cc864f,Сборник советов по решению корпоративных конфликтов. Вторая серия,https://pro.rbc.ru/news/5c2343dd9a79477e70cc864f
5c2346079a79477ef40ae7b1,Сборник советов по решению корпоративных конфликтов. Третья серия,https://pro.rbc.ru/news/5c2346079a79477ef40ae7b1
5c235ea79a7947033e1ac4de,Цифровой крючок: как диджитал-реклама ловит клиентов,https://pro.rbc.ru/news/5c235ea79a7947033e1ac4de
5c236ee39a79470a79356c66,Сборник советов по решению корпоративных конфликтов. Четвертая серия,https://pro.rbc.ru/news/5c236ee39a79470a79356c66
5c2372a09a79470bbc252d95,Сборник советов по решению корпоративных конфликтов. Пятая серия,https://pro.rbc.ru/news/5c2372a09a79470bbc252d95
5c2376d09a79470daf8d2b5f,Сборник советов по решению корпоративных конфликтов. Шестая серия,https://pro.rbc.ru/news/5c2376d09a79470daf8d2b5f
5c237ad89a79470f8fd68023,Сборник советов по решению корпоративных конфликтов. Седьмая серия,https://pro.rbc.ru/news/5c237ad89a79470f8fd68023
5c2380a79a7947113ff1778e,Сборник советов по решению корпоративных конфликтов. Восьмая серия,https://pro.rbc.ru/news/5c2380a79a7947113ff1778e
5c2386189a794713684ff34c,НИУ ВШЭ: о чем говорит деловой климат в сфере услуг,https://pro.rbc.ru/news/5c2386189a794713684ff34c
5c2386d19a79471370727699,Сборник советов по решению корпоративных конфликтов. Заключительная серия,https://pro.rbc.ru/news/5c2386d19a79471370727699
5c24c9d79a794793915ce240,Прогнозы аптечных сетей и фармпроизводителей на 2019 год,https://pro.rbc.ru/news/5c24c9d79a794793915ce240
5c24cc359a7947949fafb6dd,Кто такие ответственные потребители и за что они готовы переплачивать,https://pro.rbc.ru/news/5c24cc359a7947949fafb6dd
5c35310f9a7947de62f91d9f,На заметку предпринимателю: как изменятся законы в январе,https://pro.rbc.ru/news/5c35310f9a7947de62f91d9f
5c35a7ea9a7947f8935755ef,Три прогноза от продуктовых ретейлеров,https://pro.rbc.ru/news/5c35a7ea9a7947f8935755ef
5c35b1bd9a7947fbefab02f9,Государственно-частное партнерство. Как Москва работает с бизнесом,https://pro.rbc.ru/news/5c35b1bd9a7947fbefab02f9
5c35bc789a7947ff8b87a348,PwC: в 2019 году темпы роста мировой экономики замедлятся,https://pro.rbc.ru/news/5c35bc789a7947ff8b87a348
5c35c30a9a79470370e6227f,Два процента сверху: что значит повышение НДС для интернет-магазинов,https://pro.rbc.ru/news/5c35c30a9a79470370e6227f
5c35e04c9a79470e52ae91cd,Китайский бренд одежды Urban Revivo выходит в Россию,https://pro.rbc.ru/news/5c35e04c9a79470e52ae91cd
5c35e57d9a79470ff2adf219,Расходы россиян в первую неделю года сократились на 30%,https://pro.rbc.ru/news/5c35e57d9a79470ff2adf219
5c35f0c69a794714e734cee1,Идеальный помощник: как персональному консультанту очаровать VIP-клиента,https://pro.rbc.ru/news/5c35f0c69a794714e734cee1
5c35fde09a794719490845bd,Чем чебуречная лучше пафосного ресторана,https://pro.rbc.ru/news/5c35fde09a794719490845bd
5c3616549a7947206d4dbb8b,Kelly Services: как удерживать и мотивировать сотрудников,https://pro.rbc.ru/news/5c3616549a7947206d4dbb8b
5c36f3e49a794755dcff6011,Группа «Эталон» арендовала здание в бизнес-центре «ВТБ Арена парк»,https://pro.rbc.ru/news/5c36f3e49a794755dcff6011
5c36f6a89a7947570137aa66,Продажи смартфонов в 2018 году выросли на 17%,https://pro.rbc.ru/news/5c36f6a89a7947570137aa66
5c37056e9a79475cc4f6a6dd,Измеряемый WOW-эффект: кому из застройщиков стоит использовать VR,https://pro.rbc.ru/news/5c37056e9a79475cc4f6a6dd
5c3706ba9a79475d38dcf61d,ФСК «Лидер» вложит более 50 млрд руб. в строительство ЖК на юге Москвы,https://pro.rbc.ru/news/5c3706ba9a79475d38dcf61d
5c370b469a79475f6d905823,Призовой фон. Как девелоперу извлечь пользу от участия в конкурсах,https://pro.rbc.ru/news/5c370b469a79475f6d905823
5c370d019a79476078e1976a,Составлен навигатор по мерам господдержки малого и среднего бизнеса-2019,https://pro.rbc.ru/news/5c370d019a79476078e1976a
5c3716929a7947636f4e5aeb,Как наладить менторинг в компании,https://pro.rbc.ru/news/5c3716929a7947636f4e5aeb
5c3732029a79476f0b5e0e8e,Эксперты оценили новую схему работы застройщиков по эскроу-счетам,https://pro.rbc.ru/news/5c3732029a79476f0b5e0e8e
5c374e459a794778d4f93d8b,Новые проекты 2018 года заняли 25% от общего объема предложения Москвы,https://pro.rbc.ru/news/5c374e459a794778d4f93d8b
5c37503c9a79477959a3e0a9,Как правильно подготовить иск в арбитражный суд,https://pro.rbc.ru/news/5c37503c9a79477959a3e0a9
5c37548a9a79477a754f78cc,Банкротные узы: как Верховный суд разъяснил вопрос о семейных долгах,https://pro.rbc.ru/news/5c37548a9a79477a754f78cc
5c3756dd9a79477af92d4753,Ученье — тьма: почему закрываются онлайн-образовательные стартапы,https://pro.rbc.ru/news/5c3756dd9a79477af92d4753
5c3845739a79472f076b209a,Атомизация клиента: геном покупателя придет на смену портрету,https://pro.rbc.ru/news/5c3845739a79472f076b209a
5c3860fe9a794738d5438d0e,А ввоз и ныне там: согреют ли новые пошлины российский ретейл,https://pro.rbc.ru/news/5c3860fe9a794738d5438d0e
5c3865dc9a79473ac544c1d3,Глобальный рынок бытовой техники и электроники вырос на 4% — до €1 трлн,https://pro.rbc.ru/news/5c3865dc9a79473ac544c1d3
5c3879a89a794741e4d6d1e0,«Яндекс» сообщил о падении цен на квартиры в регионах рядом с Москвой,https://pro.rbc.ru/news/5c3879a89a794741e4d6d1e0
5c3883339a7947458660d913,Чем опасен руководитель-нарцисс: разбор от CNN Business,https://pro.rbc.ru/news/5c3883339a7947458660d913
5c3889f79a794747928487b5,Новое в банкротстве застройщиков: что никак нельзя упустить из виду,https://pro.rbc.ru/news/5c3889f79a794747928487b5
5c38902f9a79474ac6b01869,Меняйся или умри. Советы по выживанию для торговых центров,https://pro.rbc.ru/news/5c38902f9a79474ac6b01869
5c389c149a79474ff71a4b82,Будущее хранения. Названы главные тренды на складском рынке Москвы,https://pro.rbc.ru/news/5c389c149a79474ff71a4b82
5c38b3309a7947581f2c7a26,Расчет для указа: какой будет новая методика производительности труда,https://pro.rbc.ru/news/5c38b3309a7947581f2c7a26
5c38bb3d9a79475ba1cf1a7e,Amazon разрабатывает игровой стриминговый сервис,https://pro.rbc.ru/news/5c38bb3d9a79475ba1cf1a7e
5c3c49949a79471a39e9111b,Маркировка в 2019 году: что и когда делать предпринимателям,https://pro.rbc.ru/news/5c3c49949a79471a39e9111b
5c3c4e6f9a79471c67a41508,M-commerce против e-commerce: кто победит,https://pro.rbc.ru/news/5c3c4e6f9a79471c67a41508
5c3c4f059a79471c1c00f2b9,Вопиющие оплошности: эксперты назвали типичные ошибки поставщиков,https://pro.rbc.ru/news/5c3c4f059a79471c1c00f2b9
5c3c72089a79472ca5e210c6,Во Французских и Швейцарских Альпах подешевела аренда в 2018 году,https://pro.rbc.ru/news/5c3c72089a79472ca5e210c6
5c3c73de9a79472dcb57342b,Январский отчет: сколько зарабатывают HR-специалисты,https://pro.rbc.ru/news/5c3c73de9a79472dcb57342b
5c3c78429a79472ef1f3e36b,"JLL: доля свободных площадей в торговых центрах Петербурга упала до 3,1%",https://pro.rbc.ru/news/5c3c78429a79472ef1f3e36b
5c3c7e6a9a7947315963eabe,Доброе имя: как управлять корпоративной репутацией в интернете,https://pro.rbc.ru/news/5c3c7e6a9a7947315963eabe
5c3c83ba9a794733a14c5688,Think with Google: чем плоха идея показывать в рекламе женщин на кухне,https://pro.rbc.ru/news/5c3c83ba9a794733a14c5688
5c3c901e9a79473842a7e221,Как компании готовятся к цифровому будущему,https://pro.rbc.ru/news/5c3c901e9a79473842a7e221
5c3c9ad39a79473bfea7325d,Как побороть контрафакт на фармацевтическом рынке: пять мнений,https://pro.rbc.ru/news/5c3c9ad39a79473bfea7325d
5c3c9fc69a79473df5a97366,Компания Ipsos исследовала главные привычки питания в мире и России,https://pro.rbc.ru/news/5c3c9fc69a79473df5a97366
5c3d72599a794772ca37cd8b,"Пора сокращаться! Режем площадь магазина пополам, и не меньше!",https://pro.rbc.ru/news/5c3d72599a794772ca37cd8b
5c3d8cab9a79477bf72e2205,«Лента» построит склад площадью 100 тыс. кв. м,https://pro.rbc.ru/news/5c3d8cab9a79477bf72e2205
5c3d96619a79477f93972a91,Аналитики составили рейтинг городов России по росту цен на новостройки,https://pro.rbc.ru/news/5c3d96619a79477f93972a91
5c3da1de9a794785315cf89c,Каким будет покупатель-2020,https://pro.rbc.ru/news/5c3da1de9a794785315cf89c
5c3da9829a79470267000f92,Москва приблизилась к антирекорду 2012 года по вводу торговых площадей,https://pro.rbc.ru/news/5c3da9829a79470267000f92
5c3dadd49a7947049efd1bbc,10 глобальных трендов торговли: о чем позаботиться ретейлерам в 2019 году,https://pro.rbc.ru/news/5c3dadd49a7947049efd1bbc
5c3db1ec9a794706fdf57912,"Как выйти из онлайна в офлайн: примеры Amazon, JD и Alibaba",https://pro.rbc.ru/news/5c3db1ec9a794706fdf57912
5c3dd02e9a794712729ee044,Соцсети в России: где еще возможен взрывной рост,https://pro.rbc.ru/news/5c3dd02e9a794712729ee044
5c3dd5ce9a794714744ac9f9,"Интернет-аудитория в России выросла до 75,4%",https://pro.rbc.ru/news/5c3dd5ce9a794714744ac9f9
5c3df3b49a79471fb9b1d7ab,Промышленное производство баранины в России в 2018 году выросло на 30%,https://pro.rbc.ru/news/5c3df3b49a79471fb9b1d7ab
5c3df9889a7947221c7e690d,Французы отступают: почему «Ашан» отказывается от формата дрогери,https://pro.rbc.ru/news/5c3df9889a7947221c7e690d
5c3dfd569a7947248ee2336c,Как программы лояльности удерживают на плаву российский ретейл,https://pro.rbc.ru/news/5c3dfd569a7947248ee2336c
5c3ed6499a79475b64279083,Объем инвестсделок на рынке недвижимости России за год снизился на 39%,https://pro.rbc.ru/news/5c3ed6499a79475b64279083
5c3ee1649a79475de92ff885,Россияне сократили расходы на технику и электронику,https://pro.rbc.ru/news/5c3ee1649a79475de92ff885
5c3efd7a9a79476990bdb9c8,"Аварийное жилье Петербурга: о ремонте, расселении и инвесторах",https://pro.rbc.ru/news/5c3efd7a9a79476990bdb9c8
5c3f30bd9a79477e707f7401,Около нуля: НИУ ВШЭ изучил настроения ретейлеров,https://pro.rbc.ru/news/5c3f30bd9a79477e707f7401
5c3f38c19a794781373c4d00,Что переживет рынок новостроек в 2019-м,https://pro.rbc.ru/news/5c3f38c19a794781373c4d00
5c3f43d89a794785fc215801,Кредиты из мобильника: зачем Сбербанк выходит на рынок краудлендинга,https://pro.rbc.ru/news/5c3f43d89a794785fc215801
5c3f4e179a794789d95ee959,Место под солнцем. Куда дрейфует BTL и трейд-маркетинг,https://pro.rbc.ru/news/5c3f4e179a794789d95ee959
5c40033b9a7947b5ed95adc6,Судебные разбирательства крупнейших ретейлеров в 2018 году,https://pro.rbc.ru/news/5c40033b9a7947b5ed95adc6
5c402f449a7947c1c7f61d77,Предновогодние расходы россиян оказались самыми высокими за четыре года,https://pro.rbc.ru/news/5c402f449a7947c1c7f61d77
5c4033c79a7947c3075bd16a,«Детский мир» за 2018 год увеличил выручку на 14%,https://pro.rbc.ru/news/5c4033c79a7947c3075bd16a
5c40354c9a7947c44a1cba83,Их настоящее — наше будущее. Как трансформируется ресторанная сфера США,https://pro.rbc.ru/news/5c40354c9a7947c44a1cba83
5c404abc9a7947ccdc1d975c,Как ретейлеру оптимизировать мобильное приложение: 6 советов от Criteo,https://pro.rbc.ru/news/5c404abc9a7947ccdc1d975c
5c4072c09a7947dd4d4bc4cb,Какое жилье ищут россияне: что нужно знать девелоперу о своих покупателях,https://pro.rbc.ru/news/5c4072c09a7947dd4d4bc4cb
5c407d499a7947e149d4cb9d,"Чек на $4,53 трлн: какие сегменты мирового ретейла растут быстрее других",https://pro.rbc.ru/news/5c407d499a7947e149d4cb9d
5c4080e09a7947e285885888,Как не ошибиться с выбором бизнес-партнера,https://pro.rbc.ru/news/5c4080e09a7947e285885888
5c4083719a7947e3a0947c93,Каковы перспективы развития мобильного интернета для бизнеса,https://pro.rbc.ru/news/5c4083719a7947e3a0947c93
5c408afb9a7947e720b5cc6c,Как производителю сократить затраты на 30% за три месяца,https://pro.rbc.ru/news/5c408afb9a7947e720b5cc6c
5c4092349a7947eb5e4b87c4,Памятка ресторатору: как применять эмоциональный маркетинг,https://pro.rbc.ru/news/5c4092349a7947eb5e4b87c4
5c409c669a7947eeca2ac6e9,"Эксперты оценили стоимость сотни элитных квартир Москвы в 62,2 млрд руб.",https://pro.rbc.ru/news/5c409c669a7947eeca2ac6e9
5c40a1209a7947f0f6bf4898,Со своим лицом: как вывести новую косметику на массовый рынок,https://pro.rbc.ru/news/5c40a1209a7947f0f6bf4898
5c4180dc9a7947281b05b73f,Как изменятся промоакции в ретейле в 2019 году: 5 главных пунктов,https://pro.rbc.ru/news/5c4180dc9a7947281b05b73f
5c41826a9a794728b9067f30,В декабре средний чек россиян вырос на 20%,https://pro.rbc.ru/news/5c41826a9a794728b9067f30
5c4183d79a794728bbcac8da,Спонтанные или рациональные: почему россияне совершают онлайн-покупки,https://pro.rbc.ru/news/5c4183d79a794728bbcac8da
5c4185729a79472af5fd3e5d,Какие неудобства ждут клиентов самозанятых граждан,https://pro.rbc.ru/news/5c4185729a79472af5fd3e5d
5c41870e9a79472aea8a41ea,В какие направления e-commerce идут инвестиции,https://pro.rbc.ru/news/5c41870e9a79472aea8a41ea
5c4190f79a79472e8bdf511b,Робот с большой дороги: зачем «Яндексу» беспилотники,https://pro.rbc.ru/news/5c4190f79a79472e8bdf511b
5c4194e89a79473055f8e8fc,Плюсы и минусы удаленной работы: опрос соискателей,https://pro.rbc.ru/news/5c4194e89a79473055f8e8fc
5c419a469a794732b623bca1,Выручка строителей Москвы и области впервые превысила за год 1 трлн руб.,https://pro.rbc.ru/news/5c419a469a794732b623bca1
5c419f9d9a794735987fdd06,"Маркируйте, не манкируйте: какие проблемы несет бизнесу новая маркировка",https://pro.rbc.ru/news/5c419f9d9a794735987fdd06
5c41a4c99a794738aec919c6,Как ИКЕА ищет сотрудников в соцсетях,https://pro.rbc.ru/news/5c41a4c99a794738aec919c6
5c41a6769a7947393fd30c3c,Почему падает доля экономных онлайн-покупателей,https://pro.rbc.ru/news/5c41a6769a7947393fd30c3c
5c41c1b19a794744c68a380f,"Бум в Крыму: 7 проблем, препятствующих росту строительства на полуострове",https://pro.rbc.ru/news/5c41c1b19a794744c68a380f
5c41c31a9a7947460cdb415d,Правильно ли раздает субсидии Минсельхоз: анализ ИКСИ,https://pro.rbc.ru/news/5c41c31a9a7947460cdb415d
5c41c6489a794747f6740852,Пять способов удешевить строительство,https://pro.rbc.ru/news/5c41c6489a794747f6740852
5c41d99d9a7947519d98a450,Директор перемен: какие лидеры компаний возглавят переход к Индустрии 4.0,https://pro.rbc.ru/news/5c41d99d9a7947519d98a450
5c41e66b9a7947566e87f591,Объем выдачи ипотеки в ноябре 2018 года стал рекордным,https://pro.rbc.ru/news/5c41e66b9a7947566e87f591
5c41ecd79a7947591a78dba4,Мировой сектор розничной торговли продолжит расти в 2019 году,https://pro.rbc.ru/news/5c41ecd79a7947591a78dba4
5c4578739a794790379075d5,За год новостройки в Новой Москве подорожали на 15%,https://pro.rbc.ru/news/5c4578739a794790379075d5
5c457fc89a79479330b87f71,Сервис доставки продуктов Instamart выходит на рынок Петербурга,https://pro.rbc.ru/news/5c457fc89a79479330b87f71
5c45848e9a794795ef2c8d37,Ozon запустит сервис доставки еды,https://pro.rbc.ru/news/5c45848e9a794795ef2c8d37
5c458ee49a794799e9422e38,Зеленые против желтых: как Delivery Club сохраняет позиции в доставке еды,https://pro.rbc.ru/news/5c458ee49a794799e9422e38
5c4593be9a79479b84819311,Какие опасности таит корпоративная переписка в публичных мессенджерах,https://pro.rbc.ru/news/5c4593be9a79479b84819311
5c45ba649a7947aab80080a6,Продажи кофе на российских заправках в январе выросли на 20%,https://pro.rbc.ru/news/5c45ba649a7947aab80080a6
5c45c6f69a7947b0ce231692,Жизненно важные мелочи: как ускорить процесс строительства,https://pro.rbc.ru/news/5c45c6f69a7947b0ce231692
5c45c7fd9a7947b0f0c90b99,Спрос на новые поселки на Рублевке в 2018 году вырос на 42%,https://pro.rbc.ru/news/5c45c7fd9a7947b0f0c90b99
5c45d1849a7947b48fc4150f,Шесть проблем дистрибьюторов при работе с несетевой розницей,https://pro.rbc.ru/news/5c45d1849a7947b48fc4150f
5c45d3149a7947b59b3572d4,Как сократить издержки на торговых представителей,https://pro.rbc.ru/news/5c45d3149a7947b59b3572d4
5c45e5529a7947bdd655e0bd,Основатель DNS — об уходе «Кей» и гибели компьютерной розницы,https://pro.rbc.ru/news/5c45e5529a7947bdd655e0bd
5c46c1229a7947f5f4c39cfe,PwC: главы компаний по всему миру растеряли веру в экономический рост,https://pro.rbc.ru/news/5c46c1229a7947f5f4c39cfe
5c46ce4c9a7947f9e2fc5347,Краудфандинг в строительстве: альтернатива деньгам дольщиков,https://pro.rbc.ru/news/5c46ce4c9a7947f9e2fc5347
5c46ce999a7947f9c34a1af5,Что делать при внезапном появлении в офисе полиции: 13 шагов,https://pro.rbc.ru/news/5c46ce999a7947f9c34a1af5
5c46d2be9a7947fb9f12473c,В 2018 году число новых компаний в России превысило число закрытых на 88%,https://pro.rbc.ru/news/5c46d2be9a7947fb9f12473c
5c46d39b9a7947fc20fbcce6,Связанные кешбэком: как ретейл зарабатывает на возврате денег с покупок,https://pro.rbc.ru/news/5c46d39b9a7947fc20fbcce6
5c46d6589a7947fd06644130,Выручка ГК «ПИК» по итогам 2018 года выросла на 20%,https://pro.rbc.ru/news/5c46d6589a7947fd06644130
5c46d9e89a7947fe2a4537cc,"Средний чек россиян снизился на 1,5% — до 532 руб.",https://pro.rbc.ru/news/5c46d9e89a7947fe2a4537cc
5c46de0c9a7947ff4f153c45,Психология толпы: поможет ли краудлендинг малому бизнесу,https://pro.rbc.ru/news/5c46de0c9a7947ff4f153c45
5c46ec859a794704d66ff53d,Как организации минимизировать риск блокировки банковского счета,https://pro.rbc.ru/news/5c46ec859a794704d66ff53d
5c46ed6f9a79470525a745ae,Как не оказаться обманутым при аренде недостроя,https://pro.rbc.ru/news/5c46ed6f9a79470525a745ae
5c4708af9a794710379e5f38,Главные тренды на рынке труда в сегменте FMCG,https://pro.rbc.ru/news/5c4708af9a794710379e5f38
5c47194f9a794717def4a59e,Как Рустам Тарико вернул себе титул водочного короля,https://pro.rbc.ru/news/5c47194f9a794717def4a59e
5c472eef9a7947216403e0ec,В Московском регионе за год ввели 805 тыс. кв. м новых складов,https://pro.rbc.ru/news/5c472eef9a7947216403e0ec
5c4736d99a7947249e4134bf,Зожные пирожные: как создать и раскрутить бренд здорового питания,https://pro.rbc.ru/news/5c4736d99a7947249e4134bf
5c481ac99a79475e5a7a91f6,Как региональным ретейлерам конкурировать с федеральными сетями,https://pro.rbc.ru/news/5c481ac99a79475e5a7a91f6
5c4824b29a79476329122dcc,Почему «Магнит» зря пошел на почту,https://pro.rbc.ru/news/5c4824b29a79476329122dcc
5c48333e9a794767bae75b7e,По каким критериям и зачем власти Москвы оценивают застройщиков,https://pro.rbc.ru/news/5c48333e9a794767bae75b7e
5c4850549a794773ff854909,Почему девелоперская группа «Регионы» решила снимать мультфильмы,https://pro.rbc.ru/news/5c4850549a794773ff854909
5c4857af9a794776a804f605,Никаких касс и персональные цены. Какое будущее ждет супермаркеты,https://pro.rbc.ru/news/5c4857af9a794776a804f605
5c485c9c9a794779403a2a6a,Deloitte: что ждать автопроизводителям в 2019 году,https://pro.rbc.ru/news/5c485c9c9a794779403a2a6a
5c48604a9a79477aa9f1cf32,Эффективная система наказаний: как побороть воровство сотрудников кофеен,https://pro.rbc.ru/news/5c48604a9a79477aa9f1cf32
5c48627c9a79477bf0811683,НИУ ВШЭ: 33% россиян заявили об ухудшении своего материального положения,https://pro.rbc.ru/news/5c48627c9a79477bf0811683
5c48722f9a79478278ae1506,Когда все посыпалось: как сопротивляться рейдерам,https://pro.rbc.ru/news/5c48722f9a79478278ae1506
5c487b4b9a794785cca8b249,Как конвертировать посетителей в покупателей: пять эффективных приемов,https://pro.rbc.ru/news/5c487b4b9a794785cca8b249
5c4881919a794701cf439bb7,Как изменились продажи популярных продуктов в новогодний период,https://pro.rbc.ru/news/5c4881919a794701cf439bb7
5c4967929a79473d7987ce8b,Как создать корпоративную культуру и не «съесть стратегию на завтрак»,https://pro.rbc.ru/news/5c4967929a79473d7987ce8b
5c4976509a7947424368f55c,Россияне хотят открыть собственный бизнес не ради денег,https://pro.rbc.ru/news/5c4976509a7947424368f55c
5c4978149a7947426624cc22,Как современные рестораны используют развлечения,https://pro.rbc.ru/news/5c4978149a7947426624cc22
5c497cd69a794744ab23a472,Владельцы вторичного жилья у новых станций метро подняли цены до 50%,https://pro.rbc.ru/news/5c497cd69a794744ab23a472
5c4985df9a794747ea75ff14,"Годовая выручка «Ленты» выросла на 13% — до 413,5 млрд руб.",https://pro.rbc.ru/news/5c4985df9a794747ea75ff14
5c499b889a794752febf5584,Задача для отчаянных: как перевести жилое помещение в нежилое,https://pro.rbc.ru/news/5c499b889a794752febf5584
5c49b0e99a79475aa21604ae,Мебельный ретейл уходит с улиц: как продажи переместились в ТЦ,https://pro.rbc.ru/news/5c49b0e99a79475aa21604ae
5c49ba3b9a79475ee669ba4f,Скрытые причины слабых продаж: два любопытных кейса,https://pro.rbc.ru/news/5c49ba3b9a79475ee669ba4f
5c49c30b9a79476255f31b4b,Инвестиции в коммерческую недвижимость России сократились в два раза,https://pro.rbc.ru/news/5c49c30b9a79476255f31b4b
5c49d2e49a794768eb3a87c1,Просто ТРЦ не нужен: как ретейлеры набивают руку на шопинге впечатлений,https://pro.rbc.ru/news/5c49d2e49a794768eb3a87c1
5c49d3a29a7947694c99d80d,Как лучше выстроить цепочки поставок между производителями и ретейлерами,https://pro.rbc.ru/news/5c49d3a29a7947694c99d80d
5c49e6949a794770c089e52d,Растет ли эффективность труда в крупнейших российских компаниях,https://pro.rbc.ru/news/5c49e6949a794770c089e52d
5c49fee09a79477800689f08,Дефицит идей и стагнация продаж: чего Moody's ждет от российского ретейла,https://pro.rbc.ru/news/5c49fee09a79477800689f08
5c4ac0499a7947a68e167f06,Сколько стоит цифровая команда и кому она нужна,https://pro.rbc.ru/news/5c4ac0499a7947a68e167f06
5c4ac3239a7947a6c10bacca,Иностранные инвесторы возвращаются в Россию: рост сделок составил 84%,https://pro.rbc.ru/news/5c4ac3239a7947a6c10bacca
5c4adc269a7947b1088cd5ce,Think with Google: шесть опасных для компаний ловушек мышления,https://pro.rbc.ru/news/5c4adc269a7947b1088cd5ce
5c4ae8eb9a7947b5ecaae2f6,Как диверсификация портфеля может помочь увеличить продажи девелопера,https://pro.rbc.ru/news/5c4ae8eb9a7947b5ecaae2f6
5c4af8b39a7947bd3ef527dc,Туристы без денег: где найти выгодных путешественников,https://pro.rbc.ru/news/5c4af8b39a7947bd3ef527dc
5c4afaf69a7947bdcdb41ce9,Роботизация закупок: как сократить трудозатраты на 90%,https://pro.rbc.ru/news/5c4afaf69a7947bdcdb41ce9
5c4afd299a7947be7918688c,Как создать сеть пекарен с жаровнями из глины на ₽500 млн,https://pro.rbc.ru/news/5c4afd299a7947be7918688c
5c4b16b89a7947ca5aa5aa0e,Как изменится фармрынок после выхода аптек в онлайн,https://pro.rbc.ru/news/5c4b16b89a7947ca5aa5aa0e
5c4b1bdf9a7947ccf8f92dbf,Не заплатил сотруднику — не накажут. Но есть нюансы,https://pro.rbc.ru/news/5c4b1bdf9a7947ccf8f92dbf
5c4b1df29a7947ce3ab715bb,E-commerce на рынке недвижимости: когда жилье будут покупать в интернете,https://pro.rbc.ru/news/5c4b1df29a7947ce3ab715bb
5c4b374f9a7947d85dfaaba7,Рынок труда продолжает восстановление — «Ромир»,https://pro.rbc.ru/news/5c4b374f9a7947d85dfaaba7
5c4eb50c9a79470953e1b176,Уродливая проблема: что делать ретейлерам с «неправильными» овощами,https://pro.rbc.ru/news/5c4eb50c9a79470953e1b176
5c4ebecb9a79470e73c686c1,В 2018 году с российского рынка ушло рекордно много иностранных брендов,https://pro.rbc.ru/news/5c4ebecb9a79470e73c686c1
5c4ec55f9a794711fa82a1cb,Почти треть жителей России выплачивают кредит или ипотеку,https://pro.rbc.ru/news/5c4ec55f9a794711fa82a1cb
5c4ed2ed9a794717399e3358,Ключевые тренды потребительского поведения — INFOLine,https://pro.rbc.ru/news/5c4ed2ed9a794717399e3358
5c4ee05c9a79471d291bf3b6,Тотальная старбаксизация: названы главные конкуренты МФК «Москва-Сити»,https://pro.rbc.ru/news/5c4ee05c9a79471d291bf3b6
5c4ee2ab9a79471dfbe47e20,46% малых предпринимателей собираются поднять цены из-за повышения НДС,https://pro.rbc.ru/news/5c4ee2ab9a79471dfbe47e20
5c4eebce9a794721749f46ba,Стоимость апартаментов в Москве выросла на 5%,https://pro.rbc.ru/news/5c4eebce9a794721749f46ba
5c4f00039a794728c4e82b40,Урок немецкого: как грамотно организовать переход застройщиков на эскроу,https://pro.rbc.ru/news/5c4f00039a794728c4e82b40
5c4f17219a794731f8cc5116,Сколько компания может сэкономить на сотрудниках кол-центра в 2019 году,https://pro.rbc.ru/news/5c4f17219a794731f8cc5116
5c4f22959a7947368ed5e31a,Одной тайной меньше: как налоговики повысят добросовестность поставщиков,https://pro.rbc.ru/news/5c4f22959a7947368ed5e31a
5c4f7a5e9a79474f8b31a609,Электронная коммерция: перспективы развития - Retail Week,https://pro.rbc.ru/news/5c4f7a5e9a79474f8b31a609
5c500be89a794772363d7bf2,Как ретейлеру выбрасывать меньше продуктов и не оставить полки пустыми,https://pro.rbc.ru/news/5c500be89a794772363d7bf2
5c501d639a794778c8416548,Воображаемые клиенты: как VR меняет корпоративное обучение,https://pro.rbc.ru/news/5c501d639a794778c8416548
5c5029cf9a79477e33106cb5,Квартиры комфорт-класса в Москве за год подорожали на 10%,https://pro.rbc.ru/news/5c5029cf9a79477e33106cb5
5c502bf79a79477f642d4d59,Доля свободных офисных площадей в Москве снизилась до 10-летнего минимума,https://pro.rbc.ru/news/5c502bf79a79477f642d4d59
5c502fe49a7947806759a610,К каким новшествам при проверках властей пора готовиться ретейлерам,https://pro.rbc.ru/news/5c502fe49a7947806759a610
5c504c3e9a794788888e069d,Сеть Familia в 2018 году на четверть увеличила оборот,https://pro.rbc.ru/news/5c504c3e9a794788888e069d
5c5054329a79478e56f27388,Вас вызвали на допрос в качестве свидетеля: что делать?,https://pro.rbc.ru/news/5c5054329a79478e56f27388
5c5055d39a79478fbfa98466,Минпромторг: в 2018 году производство стройматериалов выросло на 4%,https://pro.rbc.ru/news/5c5055d39a79478fbfa98466
5c505e689a79479301781366,Трансграничная пшеница: что не так с российским продуктовым экспортом,https://pro.rbc.ru/news/5c505e689a79479301781366
5c5075d29a79479b7b0754df,Аграрии со сдержанным оптимизмом смотрят на перспективы отрасли,https://pro.rbc.ru/news/5c5075d29a79479b7b0754df
5c50d3899a7947b46b5878cd,Дружба производителей и ретейлеров в пользу потребителя – Retail Week,https://pro.rbc.ru/news/5c50d3899a7947b46b5878cd
5c515a059a7947d1c56d1efd,ГК «Обувь России» отчиталась о росте выручки на 9% в 2018 году,https://pro.rbc.ru/news/5c515a059a7947d1c56d1efd
5c515f679a7947d31605bd5e,Эксперты подвели итоги 2018 года на рынке стрит-ретейла Москвы,https://pro.rbc.ru/news/5c515f679a7947d31605bd5e
5c516bb39a7947d73b397577,Cushman&Wakefield: каким будет рынок торговой недвижимости в 2019 году,https://pro.rbc.ru/news/5c516bb39a7947d73b397577
5c517b669a7947ddf1e6bb9e,Магомет идет к горе. Онлайн-торговля подтолкнет ретейлеров в регионы,https://pro.rbc.ru/news/5c517b669a7947ddf1e6bb9e
5c518af09a7947e3c305d3c2,Как развивается рынок индейки в России: анализ состояния и прогноз,https://pro.rbc.ru/news/5c518af09a7947e3c305d3c2
5c519b569a7947e98c5ebd75,Infoline назвало 5 крупнейших инвестпроектов в сфере строительства,https://pro.rbc.ru/news/5c519b569a7947e98c5ebd75
5c519d639a7947eae4bbbaa4,Почему увлечь россиян спортом одним только налоговым вычетом не получится,https://pro.rbc.ru/news/5c519d639a7947eae4bbbaa4
5c519d7c9a7947eaa05a6645,Размер потребкредита в России вырос на треть — до 180 тыс. руб.,https://pro.rbc.ru/news/5c519d7c9a7947eaa05a6645
5c519e819a7947eaa41d4877,Зачем предпринимателям государственный суд,https://pro.rbc.ru/news/5c519e819a7947eaa41d4877
5c51c56a9a7947fa88817bbe,Как в российских компаниях оценивают топ-менеджеров и их потенциал,https://pro.rbc.ru/news/5c51c56a9a7947fa88817bbe
5c51e6a39a794704aedfb66d,Как банкиры ограничат себя в продаже чужих продуктов,https://pro.rbc.ru/news/5c51e6a39a794704aedfb66d
5c52abca9a7947353f4842f2,«Деньги — плохая мотивация»: интервью и конспект лекции Лайкера о Toyota,https://pro.rbc.ru/news/5c52abca9a7947353f4842f2
5c52ae1a9a7947363e506bba,Аналитики зафиксировали рекордный спрос на склады в московском регионе,https://pro.rbc.ru/news/5c52ae1a9a7947363e506bba
5c52bf319a79473c517a7420,В 2019 году российские компании изменят подход к повышению зарплат,https://pro.rbc.ru/news/5c52bf319a79473c517a7420
5c52c79e9a79473fe088b64e,В поисках покупателей: где следует искать новые каналы продаж,https://pro.rbc.ru/news/5c52c79e9a79473fe088b64e
5c52f1539a794752374fddf5,В пасти агрегатора: почему закрываются онлайн-маркетплейсы услуг,https://pro.rbc.ru/news/5c52f1539a794752374fddf5
5c53054c9a79475b39c1cc5d,Коворкинги в 2018-м заявили о себе на рынке Москвы рядом крупных сделок,https://pro.rbc.ru/news/5c53054c9a79475b39c1cc5d
5c5313289a79476049d25a1a,На заметку предпринимателю: как изменятся законы в феврале,https://pro.rbc.ru/news/5c5313289a79476049d25a1a
5c5321619a794765555b5582,Как государство привлечет инвесторов к расселению аварийного жилья,https://pro.rbc.ru/news/5c5321619a794765555b5582
5c5340999a79476df34513af,Современные решения в российском стрит-ретейле — Retail Week,https://pro.rbc.ru/news/5c5340999a79476df34513af
5c53f89b9a7947139a476313,За год в Москве продали более 70 тыс. квартир комфорт- и бизнес-класса,https://pro.rbc.ru/news/5c53f89b9a7947139a476313
5c53fabf9a7947144183dd2d,Почему аргументы в пользу четырехдневной рабочей недели выглядят шаткими,https://pro.rbc.ru/news/5c53fabf9a7947144183dd2d
5c54181f9a79472007248ccc,Спрос на офисы и склады в Москве стал рекордным,https://pro.rbc.ru/news/5c54181f9a79472007248ccc
5c5435929a79472d55d90b5e,Какую продукцию виноделия покупают в регионах России,https://pro.rbc.ru/news/5c5435929a79472d55d90b5e
5c5436a39a79472d6c58bca8,Роберт Киган — РБК: «Сотрудники тратят на работу лишь половину времени»,https://pro.rbc.ru/news/5c5436a39a79472d6c58bca8
5c54be739a7947544b3177b4,Адвокаты за чужой счет: как в России инвестируют в судебные процессы,https://pro.rbc.ru/news/5c54be739a7947544b3177b4
5c57f1dd9a7947f5dadf4d28,Где в Москве работать хорошо: статистика зарплат по станциям метро,https://pro.rbc.ru/news/5c57f1dd9a7947f5dadf4d28
5c5801369a7947fba444fa0d,Контрольная закупка: как проходит и можно ли оспорить,https://pro.rbc.ru/news/5c5801369a7947fba444fa0d
5c580a629a7947ff94968aa5,Новое в трудовом законодательстве и судебной практике: что важно помнить,https://pro.rbc.ru/news/5c580a629a7947ff94968aa5
5c5810e69a794702b8008e9b,Как будет меняться рынок доставки еды из ресторанов,https://pro.rbc.ru/news/5c5810e69a794702b8008e9b
5c582bc79a79470cd26bfce2,Как спасти деньги и нервы: обзор новых трендов в работе налоговой,https://pro.rbc.ru/news/5c582bc79a79470cd26bfce2
5c582cd89a79470da00626a0,Какие рестораны открывались и закрывались в Москве в 2018 году,https://pro.rbc.ru/news/5c582cd89a79470da00626a0
5c582ed19a79470e441076c4,Более 50% открытий общепита в центре Москвы в 2018-м — новые проекты,https://pro.rbc.ru/news/5c582ed19a79470e441076c4
5c5856079a79471c7aaa3093,Цены на элитное жилье в Европе вырастут на 6%,https://pro.rbc.ru/news/5c5856079a79471c7aaa3093
5c5860a49a7947211e12d8ea,Здоровый образ жизни: глобальные тренды и российские реалии — Retail Week,https://pro.rbc.ru/news/5c5860a49a7947211e12d8ea
5c593a6c9a794753c64e7e3c,Ozon арендует 100 тыс. кв. м в Подмосковье под фулфилмент-центр,https://pro.rbc.ru/news/5c593a6c9a794753c64e7e3c
5c594b399a79475a5b620056,Шеф на заказ: как заработать на подборе персонала для ресторанов,https://pro.rbc.ru/news/5c594b399a79475a5b620056
5c594c419a79475ab8ad3829,E&Y: треть строящегося жилья в России находится в зоне риска,https://pro.rbc.ru/news/5c594c419a79475ab8ad3829
5c59535a9a79475d4e6bcba5,Спрос на элитные квартиры в Москве вырос на 15%,https://pro.rbc.ru/news/5c59535a9a79475d4e6bcba5
5c595f499a7947624e6598e4,"Недельные расходы россиян выросли до 4,3 тыс. руб.",https://pro.rbc.ru/news/5c595f499a7947624e6598e4
5c595fd59a79476168eeed36,Как конкуренты получают секреты вашей фирмы,https://pro.rbc.ru/news/5c595fd59a79476168eeed36
5c5962379a7947635a73e591,«Детский мир» в феврале откроет первый магазин в Белоруссии,https://pro.rbc.ru/news/5c5962379a7947635a73e591
5c5973089a794769e0465c61,Россияне лучше всего покупают по промоакциям шоколад,https://pro.rbc.ru/news/5c5973089a794769e0465c61
5c59863f9a794770b6161e31,"Водка, коньяк и виски: какой крепкий алкоголь покупают в регионах России",https://pro.rbc.ru/news/5c59863f9a794770b6161e31
5c59867e9a794770a74218f0,Как использовать ликвидацию должника для экономии на налогах,https://pro.rbc.ru/news/5c59867e9a794770a74218f0
5c59aa4c9a79477de1afc416,Тренер по майнд-фитнесу и агрохакер: за какими специалистами будущее,https://pro.rbc.ru/news/5c59aa4c9a79477de1afc416
5c5a9c4e9a7947336edfa5ee,В Петербурге установлен антирекорд по годовому объему ввода складов,https://pro.rbc.ru/news/5c5a9c4e9a7947336edfa5ee
5c5aa0329a79473517dfe261,Перспективы российского виноделия в ретейле — Retail Week,https://pro.rbc.ru/news/5c5aa0329a79473517dfe261
5c5ac1829a7947429845b6ed,Рынок логистики для интернет-магазинов за два года вырос на 35%,https://pro.rbc.ru/news/5c5ac1829a7947429845b6ed
5c5ad4719a79474a110259b3,АКИТ: Рынок нелегальной онлайн-торговли лекарствами достиг ₽ 70 млрд,https://pro.rbc.ru/news/5c5ad4719a79474a110259b3
5c5aee399a7947545c3b4e07,"Деньги на ветре: как москвичи сделали метеоприложение на $1,2 млн",https://pro.rbc.ru/news/5c5aee399a7947545c3b4e07
5c5aeebf9a794754c9d99739,Почему посетителям больше не милы существующие концепции ТЦ,https://pro.rbc.ru/news/5c5aeebf9a794754c9d99739
5c5af4d49a794757e7722b11,Продажи Inventive Retail Group в 2018 году выросли на 23%,https://pro.rbc.ru/news/5c5af4d49a794757e7722b11
5c5b12b09a7947622ae78507,Комиссия по снижению комиссии: что думают ретейлеры о «квазиналоге»,https://pro.rbc.ru/news/5c5b12b09a7947622ae78507
5c5b14779a7947629fd4c602,Почему онлайн-магазин Feelunique выходит в Россию через «Яндекс»,https://pro.rbc.ru/news/5c5b14779a7947629fd4c602
5c5b2c889a794768ab1c2e25,Какие перспективы у российских спортивных товаров — Retail Week,https://pro.rbc.ru/news/5c5b2c889a794768ab1c2e25
5c5bf88a9a79479c0e58655a,Эксперты: в половине отраслей экономики РФ высок риск банкротств,https://pro.rbc.ru/news/5c5bf88a9a79479c0e58655a
5c5bf8ad9a79479bf67d9e4b,Большинство женщин-директоров не страдает от гендерной дискриминации,https://pro.rbc.ru/news/5c5bf8ad9a79479bf67d9e4b
5c5c14d39a7947a7a9260744,Минимальный ввод и рост аренды: итоги на рынке торговой недвижимости РФ,https://pro.rbc.ru/news/5c5c14d39a7947a7a9260744
5c5c23db9a7947ac9fe79b45,Чем выгодны условия продления налоговой амнистии в России,https://pro.rbc.ru/news/5c5c23db9a7947ac9fe79b45
5c5c43149a7947b96b7df314,Росреестр по Москве: число зарегистрированных в январе ДДУ выросло на 12%,https://pro.rbc.ru/news/5c5c43149a7947b96b7df314
5c5c4c6e9a7947bc89a9d45f,Поучительная история краха гиганта: почему в США банкротится сеть Sears,https://pro.rbc.ru/news/5c5c4c6e9a7947bc89a9d45f
5c5c5d409a7947c1cb264711,Как Кокорич и Хасис планируют с помощью лоббистов заработать в космосе,https://pro.rbc.ru/news/5c5c5d409a7947c1cb264711
5c5cd1809a7947e2be6fb8b8,ИТ-тренды в розничной торговле — Retail Week,https://pro.rbc.ru/news/5c5cd1809a7947e2be6fb8b8
5c5c592a9a7947c1787724a2,Что будет с ценами на хлеб — РОСПиК,https://pro.rbc.ru/news/5c5c592a9a7947c1787724a2
5c5d3bbc9a7947fca61d3026,В 2018 году в Москве открылось семь гостиниц международных операторов,https://pro.rbc.ru/news/5c5d3bbc9a7947fca61d3026
5c5d48419a794701a07a9e53,Два шага до минимума: потребительское доверие падает три квартала подряд,https://pro.rbc.ru/news/5c5d48419a794701a07a9e53
5c5d8e6b9a79471f5b7517f1,Какие детские товары искали на «Яндекс.Маркет» во 2-й половине 2018 года,https://pro.rbc.ru/news/5c5d8e6b9a79471f5b7517f1
5c5d9f1b9a7947269c8dd5e4,Amazon инвестировала $530 млн в беспилотники от бывшего сотрудника Google,https://pro.rbc.ru/news/5c5d9f1b9a7947269c8dd5e4
5c5daaca9a79472970a213b9,Снятие наличных на кассах магазинов: кому это выгодно,https://pro.rbc.ru/news/5c5daaca9a79472970a213b9
5c5dc4159a79473192af3f49,Нисходящие звонки: почему будет падать выручка сотовых операторов,https://pro.rbc.ru/news/5c5dc4159a79473192af3f49
5c4858c79a794777bd69e824,Где определенно не стоит открывать офшор,https://pro.rbc.ru/news/5c4858c79a794777bd69e824
5c4af9ed9a7947bd94fe0cc9,Гнетущее молчание на совещании: как разрешить скрытый конфликт в команде,https://pro.rbc.ru/news/5c4af9ed9a7947bd94fe0cc9
5c4b11389a7947c69c584659,Как избежать «техасской перестрелки» при разделе бизнеса,https://pro.rbc.ru/news/5c4b11389a7947c69c584659
5c503adb9a794784a693903b,Недооцененный экспорт: что имеет смысл продавать за рубеж,https://pro.rbc.ru/news/5c503adb9a794784a693903b
5c51aa3e9a7947f08297bb10,Совместные перевозки: как sharing economy влияет на рынок логистики,https://pro.rbc.ru/news/5c51aa3e9a7947f08297bb10
5c5429889a794727b3d74760,Какие ИТ-решения стоит внедрять оптовикам в 2019 году,https://pro.rbc.ru/news/5c5429889a794727b3d74760
5c542b999a7947288d1dd44b,Как топ-менеджеру добиться от сотрудников выполнения сверхзадач,https://pro.rbc.ru/news/5c542b999a7947288d1dd44b
5c5977289a79476ac46e9889,Сезон убытков: можно ли решить проблему весеннего закрытия дорог,https://pro.rbc.ru/news/5c5977289a79476ac46e9889
5c59831c9a79476f5f430cb7,Как московские власти работают с собственниками промзон,https://pro.rbc.ru/news/5c59831c9a79476f5f430cb7
5c59a8d09a79477dd51e46f0,Настроения 20 тыс. предпринимателей страны: полный отчет НИУ ВШЭ,https://pro.rbc.ru/news/5c59a8d09a79477dd51e46f0
5c5ac8f29a7947453a4deb9f,Сласти по «АндерСону»: зачем сеть семейных кафе выходит в розницу,https://pro.rbc.ru/news/5c5ac8f29a7947453a4deb9f
5c5af0479a79475629178ef7,Подарочные карты: когда и кому ретейлер должен возвращать за них деньги,https://pro.rbc.ru/news/5c5af0479a79475629178ef7
5c5af4779a79475764f36967,Какие льготы помогут заводам замотивировать «синих воротничков»,https://pro.rbc.ru/news/5c5af4779a79475764f36967
5c5be20f9a7947920a90b2b3,У вас 4 секунды. Как покупатели изменят работу маркетологов и продавцов,https://pro.rbc.ru/news/5c5be20f9a7947920a90b2b3
5c60c3de9a79474673bbdf15,Как не дать аренде убить розничные сети,https://pro.rbc.ru/news/5c60c3de9a79474673bbdf15
5c60c9fd9a794747ed04cfe2,Как трансформируется логистика в ретейле: лучшие практики,https://pro.rbc.ru/news/5c60c9fd9a794747ed04cfe2
5c611e0a9a79475a5f43847c,«Яндекс.Маркет» арендовал четыре этажа в коворкинге Workki,https://pro.rbc.ru/news/5c611e0a9a79475a5f43847c
5c6128ca9a79475d776a3fac,"В «Москва-Сити» за год продали апартаментов на рекордные 12,6 млрд руб.",https://pro.rbc.ru/news/5c6128ca9a79475d776a3fac
5c612b449a79475e5ae44d0a,Царь без царя в голове. Классификация неадекватных руководителей,https://pro.rbc.ru/news/5c612b449a79475e5ae44d0a
5c613b419a79476529195de3,Из чего складывается комиссия за оплату картами и почему она высокая,https://pro.rbc.ru/news/5c613b419a79476529195de3
5c61500a9a79476e96d8b5a3,Топливный баланс: почему цены на бензин будут обгонять инфляцию,https://pro.rbc.ru/news/5c61500a9a79476e96d8b5a3
5c61515a9a79476f6ed74e1b,"Видишь, я дарю: как заработать на необычных корпоративных подарках",https://pro.rbc.ru/news/5c61515a9a79476f6ed74e1b
5c6195799a79478b57ba6cf3,Математика российского люкса: точный портрет покупателя предметов роскоши,https://pro.rbc.ru/news/5c6195799a79478b57ba6cf3
5c61a5d59a7947953f607f2f,Особенности оформления заверений об обстоятельствах в сделках M&A,https://pro.rbc.ru/news/5c61a5d59a7947953f607f2f
5c61b2d39a794798b96fab0c,Год под знаком пива: как изменились алкогольные предпочтения россиян,https://pro.rbc.ru/news/5c61b2d39a794798b96fab0c
5c61bffb9a79479d3ee2b65c,Эволюция промо: как участникам рынка выйти из ловушки скидок,https://pro.rbc.ru/news/5c61bffb9a79479d3ee2b65c
5c6276529a7947c964cc4772,Россия поднялась на три позиции в рейтинге глобальной интеграции,https://pro.rbc.ru/news/5c6276529a7947c964cc4772
5c627bba9a7947cb36ac9898,Эксперты: российскому рынку кофеен можно «поправиться» на 870 млрд руб.,https://pro.rbc.ru/news/5c627bba9a7947cb36ac9898
5c6297279a7947d83339d513,Где в Москве дефицит офисных площадей: исследование Knight Frank,https://pro.rbc.ru/news/5c6297279a7947d83339d513
5c629c569a7947da4e9a227c,Бизнес на плаву: как супруги зарабатывают на мебели из старых лодок,https://pro.rbc.ru/news/5c629c569a7947da4e9a227c
5c62a96f9a7947e0a703b9cf,Отвод судьи: как обеспечить беспристрастное рассмотрение дела,https://pro.rbc.ru/news/5c62a96f9a7947e0a703b9cf
5c62b8b59a7947e6792ab53d,Держать ли сотрудника на коротком поводке: правила работы с фрилансерами,https://pro.rbc.ru/news/5c62b8b59a7947e6792ab53d
5c62bbac9a7947e7b47f72ba,Золотые геймеры: почему мировой киберспорт заговорил по-русски,https://pro.rbc.ru/news/5c62bbac9a7947e7b47f72ba
5c62c45c9a7947eaedb915e4,Рынок кейтеринга в России вырос в 2018 году почти на 30%,https://pro.rbc.ru/news/5c62c45c9a7947eaedb915e4
5c62e6769a7947f8b872b1a4,В чем состоят основные правила информационной безопасности в ретейле,https://pro.rbc.ru/news/5c62e6769a7947f8b872b1a4
5c63fbff9a7947481bf4ce1b,Кедры решают все: как вывести косметику на американский рынок,https://pro.rbc.ru/news/5c63fbff9a7947481bf4ce1b
5c6400fa9a79474974a37aab,Россиянам все труднее платить ипотеку и покупать жилье,https://pro.rbc.ru/news/5c6400fa9a79474974a37aab
5c6408169a79474ba3456d28,Мимо цифры: почему ретейл слабо осваивает новые технологии,https://pro.rbc.ru/news/5c6408169a79474ba3456d28
5c64266c9a7947587ddbd539,Уровень лояльности к рекламе в интернете восстанавливается — Deloitte,https://pro.rbc.ru/news/5c64266c9a7947587ddbd539
5c643a319a794760bbe62974,Восемь способов увеличить средний чек,https://pro.rbc.ru/news/5c643a319a794760bbe62974
5c6454df9a794769a732e049,Требования работодателя vs ожидания кандидатов в ТЭКе — 2019,https://pro.rbc.ru/news/5c6454df9a794769a732e049
5c65273f9a79471ada89c583,Банк для поддержки слабых строителей — это «костыли» и двойные стандарты,https://pro.rbc.ru/news/5c65273f9a79471ada89c583
5c654a929a79472b1e0d69d1,Перестройка меню и системы доставки: опыт одной сети от Bloomberg,https://pro.rbc.ru/news/5c654a929a79472b1e0d69d1
5c6579039a794742acb7ebe3,Менеджеры РФ получают дополнительное образование в основном за свой счет,https://pro.rbc.ru/news/5c6579039a794742acb7ebe3
5c65827c9a794747319336f4,Персональный робот: как искусственный интеллект меняет банковские услуги,https://pro.rbc.ru/news/5c65827c9a794747319336f4
5c65845e9a7947486136515a,Спрос на новостройки бизнес-класса в Москве за год вырос почти на 50%,https://pro.rbc.ru/news/5c65845e9a7947486136515a
5c6585789a7947493d396dc7,Как потребителей заставили платить больше: четыре кейса от Bloomberg,https://pro.rbc.ru/news/5c6585789a7947493d396dc7
5c658e479a79474d32847233,"Глава BlaBlaCar — РБК: «Мы оказывали услуги, но ничего не зарабатывали»",https://pro.rbc.ru/news/5c658e479a79474d32847233
5c65950d9a79474f82f780d7,«Алые паруса» сворачиваются: почему владельцы сети выходят из бизнеса,https://pro.rbc.ru/news/5c65950d9a79474f82f780d7
5c666dd69a794787c020c0bf,Золушки молла: где маленьким сервисам найти приют в больших ТЦ,https://pro.rbc.ru/news/5c666dd69a794787c020c0bf
5c668b389a79479514089233,Мировой сектор товаров класса люкс восстановился в 2018 году - Deloitte,https://pro.rbc.ru/news/5c668b389a79479514089233